{
  "assetsByChunkName": {
    "vendors~app-account~app-confirmation~app-order": "chunk.ca996aceb2ce0d2a97ea.js",
    "vendors~app-account~app-checkout": "chunk.f86b12bb0f9f4422b69c.js",
    "vendors~app-cart~app-checkout": "chunk.012aa61e964e964b3ad8.js",
    "admin": [
      "admin.d05c94cf82283469fa36.js",
      "admin.d05c94cf82283469fa36.js.map"
    ],
    "app-account": "chunk.896d3c9fb674e7535efb.js",
    "app-checkout": "chunk.766814acb9b07c6545c5.js",
    "app-confirmation": "chunk.bbb5a5486fbb569d0178.js",
    "checkout": [
      "checkout.29e7ffde518f69b8f1e2.js",
      "checkout.29e7ffde518f69b8f1e2.js.map"
    ],
    "storefront": [
      "storefront.3de11bb78b4de8516431.css",
      "storefront.77a6fbffd14d4a6d6392.js",
      "storefront.3de11bb78b4de8516431.css.map",
      "storefront.77a6fbffd14d4a6d6392.js.map"
    ],
    "vendors~app-cart": "chunk.9b43a7dd90ff54e1160a.js",
    "vendors~app-order": "chunk.ec2dc5632842a07a5222.js"
  }
}