{
  "description": {
    "title": "",
    "text": ""
  },
  "links_1": {
    "list_pages": true,
    "title": "Institucional",
    "list": [
      {
        "text": "Empresa",
        "url": "/empresa"
      },
      {
        "text": "Como Comprar",
        "url": "/como-comprar"
      },
      {
        "text": "Segurança",
        "url": "/seguranca"
      },
      {
        "text": "Pagamento",
        "url": "/pagamento"
      },
      {
        "text": "Tempo de Garantia",
        "url": "/tempo-de-garantia"
      },
      {
        "text": "Privacidade e Segurança",
        "url": "/privacidade-e-segurança"
      },
      {
        "text": "Depoimentos de Clientes",
        "url": "/depoimentos-de-clientes"
      },
      {
        "text": "Fale Conosco",
        "url": "/contato"
      }
    ]
  },
  "links_2": {
    "list_categories": false,
    "title": "Categorias",
    "list": []
  },
  "contacts": {
    "title": "Atendimento",
    "phone_wpp": true,
    "socials": true,
    "email": true,
    "address": true
  },
  "stamps": [],
  "payment_methods": {
    "bb": false,
    "visa": true,
    "boleto": true,
    "aura": false,
    "banrisul": false,
    "elo": true,
    "hipercard": true,
    "hsbc": false,
    "bradesco": false,
    "santander": false,
    "mastercard": true,
    "citibank": false,
    "mais": false,
    "pix": true,
    "amex": true,
    "itau": false
  },
  "credits": "Decrie - Arte em Madeira"
}