{
  "marketing_stripe": {
    "text": "",
    "link": ""
  },
  "contacts_stripe": {
    "pages": [],
    "phone_wpp": true,
    "socials": true
  },
  "categories_list": {
    "featured": [
      "/dia-dos-pais?Dia dos Pais",
      "/canto-do-churrasco?Canto do Churrasco",
      "/tabuas-de-frios?Tábuas de Frios",
      "/ume-ceramicas-x-decrie?Ume Cerâmicas x Decrie",
      "/homedecor?Home&Decor",
      "/pecas-religiosas?Peças Religiosas",
      "/produtos?Produtos"
    ],
    "random": 0,
    "full_width": true
  },
  "search_input": false
}