{
  "meta_title": "",
  "meta_description": "",
  "sections": [
    {
      "type": "banner-slider",
      "autoplay": 9000,
      "full_width": false,
      "slides": [
        {
          "start": "",
          "end": "",
          "img": "/img/uploads/banner-dia-dos-pais-1-.png",
          "link": "https://www.decriearte.com.br/dia-dos-pais"
        },
        {
          "start": "",
          "end": "",
          "img": "/img/uploads/banner-ume.png",
          "link": "https://www.decriearte.com.br/ume-ceramicas-x-decrie"
        },
        {
          "start": "",
          "end": "",
          "img": "/img/uploads/banner-pinhao-1-.png",
          "link": "https://www.decriearte.com.br/tabua-com-descascador-de-pinhao"
        },
        {
          "start": "",
          "end": "",
          "img": "/img/uploads/4.png",
          "link": "https://www.decriearte.com.br/canto-do-churrasco"
        },
        {
          "start": "",
          "end": "",
          "img": "/img/uploads/6.png",
          "link": "https://www.decriearte.com.br/casamento"
        },
        {
          "start": "",
          "end": "",
          "img": "/img/uploads/5.png",
          "link": "https://www.decriearte.com.br/homedecor"
        }
      ]
    },
    {
      "type": "collection-shelf",
      "shuffle": true,
      "collection_id": "649d72005e606903704cf879:categories:Dia dos Pais:/dia-dos-pais",
      "limit": 5,
      "page": 1,
      "title": "EM DESTAQUE [titulo-embutido]",
      "sort": "sales"
    },
    {
      "type": "info-bar",
      "enabled": true
    },
    {
      "type": "shelfs-nav",
      "shuffle": false,
      "limit": 6,
      "page": 1,
      "collection_ids": [
        "64b59a8d5e6069037067fc31:categories:Tábuas de Frios:/tabuas-de-frios",
        "66aa991c86679971c6302958:categories:Anti-pastos:/anti-pastos",
        "649ed05c5e606903704ecbfa:categories:Coleção Romântica:/tabuas-de-churrasco",
        "659e95982cd6b65959fb6ee7:categories:Casamento:/casamento",
        "66c895b986679971c65045b3:categories:Ume Cerâmicas x Decrie:/ume-ceramicas-x-decrie"
      ],
      "sort": "sales"
    }
  ]
}